<?xml version="1.0" encoding="UTF-8"?>
<beans xmlns="http://www.springframework.org/schema/beans"
xmlns:xsi="http://www.w3.org/2001/XMLSchema-instance"
xsi:schemaLocation="
        http://www.springframework.org/schema/beans 
        http://www.springframework.org/schema/beans/spring-beans.xsd"><!-- bean definitions here -->
        
        <bean class="in.sp.beans.user" id="user1">
			
			
			<property name="uname" value="manu"></property>
				<property name="mail" value="manu@abc.com"></property>
					<property name="phone" value="98845455"></property>
		</bean>
        
           <bean class="in.sp.beans.user" id="user2">
			
			
			<property name="uname" value="peehu"></property>
				<property name="mail" value="peehu@abc.com"></property>
					<property name="phone" value="9235945455"></property>
		</bean>
        
        
        
        
        </beans>